{
  "timesteps": 83550000,
  "total_episodes": 41203,
  "avg_return_100": 259.3184814453125,
  "timestamp": "2025-11-01T02:15:51.664063"
}