{
  "timesteps": 18075000,
  "total_episodes": 27100,
  "avg_return_100": 74.37786865234375,
  "timestamp": "2025-10-31T10:49:15.675245"
}