{
  "timesteps": 64125000,
  "total_episodes": 26514,
  "avg_return_100": 229.73617553710938,
  "timestamp": "2025-11-01T00:06:57.270133"
}