{
  "timesteps": 57825000,
  "total_episodes": 21892,
  "avg_return_100": 132.1988067626953,
  "timestamp": "2025-10-31T23:25:07.096523"
}