{
  "timesteps": 66750000,
  "total_episodes": 29119,
  "avg_return_100": 222.7364044189453,
  "timestamp": "2025-11-01T00:24:20.162981"
}