{
  "timesteps": 43350000,
  "total_episodes": 25154,
  "avg_return_100": 141.3323211669922,
  "timestamp": "2025-10-31T21:24:30.239309"
}