{
  "timesteps": 44400000,
  "total_episodes": 26002,
  "avg_return_100": 143.0207061767578,
  "timestamp": "2025-10-31T21:31:40.751483"
}