{
  "timesteps": 12825000,
  "total_episodes": 9312,
  "avg_return_100": 107.24310302734375,
  "timestamp": "2025-10-31T10:13:30.477193"
}