{
  "timesteps": 65175000,
  "total_episodes": 27294,
  "avg_return_100": 240.45343017578125,
  "timestamp": "2025-11-01T00:13:54.146648"
}