{
  "timesteps": 49950000,
  "total_episodes": 31999,
  "avg_return_100": 186.5124053955078,
  "timestamp": "2025-10-31T22:09:48.084550"
}