{
  "timesteps": 99825000,
  "total_episodes": 83248,
  "avg_return_100": 152.34132385253906,
  "timestamp": "2025-11-01T04:03:45.902485"
}