{
  "timesteps": 110475000,
  "total_episodes": 17642,
  "avg_return_100": 65.09564208984375,
  "timestamp": "2025-11-24T23:25:20.072794"
}