{
  "timesteps": 62550000,
  "total_episodes": 25374,
  "avg_return_100": 177.51861572265625,
  "timestamp": "2025-10-31T23:56:31.886774"
}