{
  "timesteps": 84075000,
  "total_episodes": 41611,
  "avg_return_100": 257.080810546875,
  "timestamp": "2025-11-01T02:19:20.063817"
}