{
  "timesteps": 77250000,
  "total_episodes": 36743,
  "avg_return_100": 244.14324951171875,
  "timestamp": "2025-11-01T01:34:00.448969"
}