{
  "timesteps": 36000000,
  "total_episodes": 9838,
  "avg_return_100": 165.24659729003906,
  "timestamp": "2025-10-31T20:34:00.934682"
}