{
  "timesteps": 130425000,
  "total_episodes": 20705,
  "avg_return_100": 63.96451187133789,
  "timestamp": "2025-11-28T23:15:12.264164"
}