{
  "timesteps": 75150000,
  "total_episodes": 35253,
  "avg_return_100": 240.29061889648438,
  "timestamp": "2025-11-01T01:20:02.002156"
}