{
  "timesteps": 21750000,
  "total_episodes": 29812,
  "avg_return_100": 127.53431701660156,
  "timestamp": "2025-10-31T11:14:05.787222"
}