{
  "timesteps": 117825000,
  "total_episodes": 52380,
  "avg_return_100": 57.31892013549805,
  "timestamp": "2025-11-25T01:21:31.631522"
}