{
  "timesteps": 42300000,
  "total_episodes": 24316,
  "avg_return_100": 132.68141174316406,
  "timestamp": "2025-10-31T21:17:14.749504"
}