{
  "timesteps": 21225000,
  "total_episodes": 29407,
  "avg_return_100": 115.10354614257812,
  "timestamp": "2025-10-31T11:10:33.422339"
}