{
  "timesteps": 94575000,
  "total_episodes": 51460,
  "avg_return_100": 233.1083526611328,
  "timestamp": "2025-11-01T03:28:50.980422"
}