{
  "timesteps": 96675000,
  "total_episodes": 53475,
  "avg_return_100": 206.07859802246094,
  "timestamp": "2025-11-01T03:42:45.672194"
}