{
  "timesteps": 87750000,
  "total_episodes": 46222,
  "avg_return_100": 229.42901611328125,
  "timestamp": "2025-11-01T02:43:40.035016"
}