{
  "timesteps": 108375000,
  "total_episodes": 9284,
  "avg_return_100": 66.5243911743164,
  "timestamp": "2025-11-24T22:52:19.256169"
}