{
  "timesteps": 36525000,
  "total_episodes": 10232,
  "avg_return_100": 162.06297302246094,
  "timestamp": "2025-10-31T20:37:31.467495"
}