{
  "timesteps": 41775000,
  "total_episodes": 23805,
  "avg_return_100": 128.3665771484375,
  "timestamp": "2025-10-31T21:13:37.247467"
}