{
  "timesteps": 87225000,
  "total_episodes": 45846,
  "avg_return_100": 230.28990173339844,
  "timestamp": "2025-11-01T02:40:11.568239"
}