{
  "timesteps": 77775000,
  "total_episodes": 37117,
  "avg_return_100": 246.54550170898438,
  "timestamp": "2025-11-01T01:37:30.631294"
}