{
  "timesteps": 38100000,
  "total_episodes": 15666,
  "avg_return_100": 132.0322265625,
  "timestamp": "2025-10-31T20:48:20.498182"
}