{
  "timesteps": 89325000,
  "total_episodes": 47339,
  "avg_return_100": 228.0102081298828,
  "timestamp": "2025-11-01T02:54:05.653815"
}