{
  "timesteps": 137775000,
  "total_episodes": 115181,
  "avg_return_100": -8.489832878112793,
  "timestamp": "2025-11-29T01:12:19.040483"
}