{
  "timesteps": 135675000,
  "total_episodes": 78512,
  "avg_return_100": 22.496641159057617,
  "timestamp": "2025-11-29T00:38:43.847577"
}