{
  "timesteps": 119925000,
  "total_episodes": 68021,
  "avg_return_100": 50.037200927734375,
  "timestamp": "2025-11-25T01:54:45.790892"
}