{
  "timesteps": 128325000,
  "total_episodes": 16742,
  "avg_return_100": 67.88579559326172,
  "timestamp": "2025-11-28T22:42:04.675906"
}