{
  "timesteps": 64650000,
  "total_episodes": 26888,
  "avg_return_100": 237.40553283691406,
  "timestamp": "2025-11-01T00:10:25.571901"
}