{
  "timesteps": 84600000,
  "total_episodes": 42237,
  "avg_return_100": 251.34408569335938,
  "timestamp": "2025-11-01T02:22:48.533468"
}