{
  "timesteps": 39150000,
  "total_episodes": 16951,
  "avg_return_100": 142.8983154296875,
  "timestamp": "2025-10-31T20:55:33.285816"
}