{
  "timesteps": 118875000,
  "total_episodes": 59312,
  "avg_return_100": 54.712257385253906,
  "timestamp": "2025-11-25T01:38:07.603860"
}