{
  "timesteps": 41250000,
  "total_episodes": 22893,
  "avg_return_100": 131.36512756347656,
  "timestamp": "2025-10-31T21:10:00.258779"
}