{
  "timesteps": 94050000,
  "total_episodes": 50939,
  "avg_return_100": 240.9619140625,
  "timestamp": "2025-11-01T03:25:22.215189"
}