{
  "timesteps": 58875000,
  "total_episodes": 22688,
  "avg_return_100": 141.6309051513672,
  "timestamp": "2025-10-31T23:32:08.661200"
}