{
  "timesteps": 59925000,
  "total_episodes": 23453,
  "avg_return_100": 157.28216552734375,
  "timestamp": "2025-10-31T23:39:07.957950"
}