{
  "timesteps": 67275000,
  "total_episodes": 29508,
  "avg_return_100": 219.4444122314453,
  "timestamp": "2025-11-01T00:27:48.626051"
}