{
  "timesteps": 88800000,
  "total_episodes": 46970,
  "avg_return_100": 228.41586303710938,
  "timestamp": "2025-11-01T02:50:37.138953"
}