{
  "timesteps": 76725000,
  "total_episodes": 36378,
  "avg_return_100": 243.2458953857422,
  "timestamp": "2025-11-01T01:30:30.770861"
}