{
  "timesteps": 60450000,
  "total_episodes": 23838,
  "avg_return_100": 161.2027587890625,
  "timestamp": "2025-10-31T23:42:37.802045"
}