{
  "timesteps": 49650000,
  "total_episodes": 31718,
  "avg_return_100": 186.49874877929688,
  "timestamp": "2025-10-31T22:07:45.945738"
}