{
  "timesteps": 72525000,
  "total_episodes": 33340,
  "avg_return_100": 211.93435668945312,
  "timestamp": "2025-11-01T01:02:33.734726"
}