{
  "timesteps": 60975000,
  "total_episodes": 24229,
  "avg_return_100": 167.30322265625,
  "timestamp": "2025-10-31T23:46:06.206509"
}