{
  "timesteps": 88275000,
  "total_episodes": 46599,
  "avg_return_100": 228.85955810546875,
  "timestamp": "2025-11-01T02:47:08.567501"
}