{
  "timesteps": 73050000,
  "total_episodes": 33708,
  "avg_return_100": 216.8365020751953,
  "timestamp": "2025-11-01T01:06:02.137618"
}