{
  "timesteps": 86175000,
  "total_episodes": 45107,
  "avg_return_100": 232.28564453125,
  "timestamp": "2025-11-01T02:33:14.839235"
}