{
  "timesteps": 113625000,
  "total_episodes": 29517,
  "avg_return_100": 61.202659606933594,
  "timestamp": "2025-11-25T00:15:14.802382"
}