{
  "timesteps": 23850000,
  "total_episodes": 31433,
  "avg_return_100": 159.80010986328125,
  "timestamp": "2025-10-31T11:28:15.301835"
}