{
  "timesteps": 45450000,
  "total_episodes": 26937,
  "avg_return_100": 155.46022033691406,
  "timestamp": "2025-10-31T21:38:52.205825"
}