{
  "timesteps": 89850000,
  "total_episodes": 47709,
  "avg_return_100": 227.6889190673828,
  "timestamp": "2025-11-01T02:57:34.237757"
}