{
  "timesteps": 76200000,
  "total_episodes": 35997,
  "avg_return_100": 242.4130096435547,
  "timestamp": "2025-11-01T01:27:01.272495"
}