{
  "timesteps": 14400000,
  "total_episodes": 16448,
  "avg_return_100": 89.0534896850586,
  "timestamp": "2025-10-31T10:24:21.023399"
}