{
  "timesteps": 33900000,
  "total_episodes": 8019,
  "avg_return_100": 183.72341918945312,
  "timestamp": "2025-10-31T20:20:00.567543"
}