{
  "timesteps": 90900000,
  "total_episodes": 48466,
  "avg_return_100": 226.9415283203125,
  "timestamp": "2025-11-01T03:04:30.874072"
}