{
  "timesteps": 58350000,
  "total_episodes": 22298,
  "avg_return_100": 135.38719177246094,
  "timestamp": "2025-10-31T23:28:38.579170"
}