{
  "timesteps": 70950000,
  "total_episodes": 32213,
  "avg_return_100": 212.97300720214844,
  "timestamp": "2025-11-01T00:52:08.182043"
}