{
  "timesteps": 40725000,
  "total_episodes": 21526,
  "avg_return_100": 134.1016845703125,
  "timestamp": "2025-10-31T21:06:23.372730"
}