{
  "timesteps": 78300000,
  "total_episodes": 37488,
  "avg_return_100": 250.30364990234375,
  "timestamp": "2025-11-01T01:41:00.541667"
}