{
  "timesteps": 98250000,
  "total_episodes": 58671,
  "avg_return_100": 196.2003173828125,
  "timestamp": "2025-11-01T03:53:12.941725"
}