{
  "timesteps": 44925000,
  "total_episodes": 26492,
  "avg_return_100": 149.0944061279297,
  "timestamp": "2025-10-31T21:35:17.224223"
}