{
  "timesteps": 37575000,
  "total_episodes": 14514,
  "avg_return_100": 141.5875244140625,
  "timestamp": "2025-10-31T20:44:44.978567"
}