{
  "timesteps": 33375000,
  "total_episodes": 7660,
  "avg_return_100": 185.1995849609375,
  "timestamp": "2025-10-31T20:16:27.405061"
}