{
  "timesteps": 68850000,
  "total_episodes": 30653,
  "avg_return_100": 218.55984497070312,
  "timestamp": "2025-11-01T00:38:14.173115"
}