{
  "timesteps": 81450000,
  "total_episodes": 39715,
  "avg_return_100": 257.4584655761719,
  "timestamp": "2025-11-01T02:01:57.290156"
}