{
  "timesteps": 92475000,
  "total_episodes": 49621,
  "avg_return_100": 239.78457641601562,
  "timestamp": "2025-11-01T03:14:56.572458"
}