{
  "timesteps": 72000000,
  "total_episodes": 32968,
  "avg_return_100": 211.7645263671875,
  "timestamp": "2025-11-01T00:59:05.251629"
}