{
  "timesteps": 15450000,
  "total_episodes": 20753,
  "avg_return_100": 84.33979797363281,
  "timestamp": "2025-10-31T10:31:32.211946"
}