{
  "timesteps": 96150000,
  "total_episodes": 53114,
  "avg_return_100": 210.5412139892578,
  "timestamp": "2025-11-01T03:39:17.139698"
}