{
  "timesteps": 93000000,
  "total_episodes": 50028,
  "avg_return_100": 245.88201904296875,
  "timestamp": "2025-11-01T03:18:24.982696"
}