{
  "timesteps": 95100000,
  "total_episodes": 52085,
  "avg_return_100": 225.2253875732422,
  "timestamp": "2025-11-01T03:32:19.770378"
}