{
  "timesteps": 114675000,
  "total_episodes": 35262,
  "avg_return_100": 58.29617691040039,
  "timestamp": "2025-11-25T00:31:48.646516"
}