{
  "timesteps": 59400000,
  "total_episodes": 23074,
  "avg_return_100": 151.21861267089844,
  "timestamp": "2025-10-31T23:35:38.260891"
}