{
  "timesteps": 45975000,
  "total_episodes": 27435,
  "avg_return_100": 158.6032257080078,
  "timestamp": "2025-10-31T21:42:27.670251"
}