{
  "timesteps": 67800000,
  "total_episodes": 29883,
  "avg_return_100": 218.9178924560547,
  "timestamp": "2025-11-01T00:31:17.237157"
}