{
  "timesteps": 13875000,
  "total_episodes": 13671,
  "avg_return_100": 91.90882110595703,
  "timestamp": "2025-10-31T10:20:43.996449"
}