{
  "timesteps": 69900000,
  "total_episodes": 31426,
  "avg_return_100": 218.1264190673828,
  "timestamp": "2025-11-01T00:45:11.290377"
}