{
  "timesteps": 15975000,
  "total_episodes": 22696,
  "avg_return_100": 79.92569732666016,
  "timestamp": "2025-10-31T10:35:05.151378"
}