{
  "timesteps": 19125000,
  "total_episodes": 27872,
  "avg_return_100": 82.22765350341797,
  "timestamp": "2025-10-31T10:56:21.738451"
}