{
  "timesteps": 98775000,
  "total_episodes": 70537,
  "avg_return_100": 176.70086669921875,
  "timestamp": "2025-11-01T03:56:45.246107"
}