{
  "timesteps": 97200000,
  "total_episodes": 53855,
  "avg_return_100": 204.77227783203125,
  "timestamp": "2025-11-01T03:46:14.318350"
}