{
  "timesteps": 79350000,
  "total_episodes": 38220,
  "avg_return_100": 254.1112823486328,
  "timestamp": "2025-11-01T01:48:00.407392"
}