{
  "timesteps": 111525000,
  "total_episodes": 20820,
  "avg_return_100": 65.07832336425781,
  "timestamp": "2025-11-24T23:42:10.293058"
}