{
  "timesteps": 133575000,
  "total_episodes": 48987,
  "avg_return_100": 44.83335876464844,
  "timestamp": "2025-11-29T00:05:14.872556"
}