{
  "timesteps": 66225000,
  "total_episodes": 28560,
  "avg_return_100": 228.69082641601562,
  "timestamp": "2025-11-01T00:20:51.455883"
}