{
  "timesteps": 78825000,
  "total_episodes": 37854,
  "avg_return_100": 252.9946746826172,
  "timestamp": "2025-11-01T01:44:30.536026"
}