{
  "timesteps": 49125000,
  "total_episodes": 31272,
  "avg_return_100": 185.01406860351562,
  "timestamp": "2025-10-31T22:04:12.154750"
}