{
  "timesteps": 38625000,
  "total_episodes": 16250,
  "avg_return_100": 132.3691864013672,
  "timestamp": "2025-10-31T20:51:56.722037"
}