{
  "timesteps": 65700000,
  "total_episodes": 27917,
  "avg_return_100": 235.7798614501953,
  "timestamp": "2025-11-01T00:17:22.896998"
}