{
  "timesteps": 24975000,
  "total_episodes": 32289,
  "avg_return_100": 175.0443115234375,
  "timestamp": "2025-10-31T11:35:51.184508"
}