{
  "timesteps": 81975000,
  "total_episodes": 40085,
  "avg_return_100": 258.1025085449219,
  "timestamp": "2025-11-01T02:05:25.844796"
}