{
  "timesteps": 47550000,
  "total_episodes": 29615,
  "avg_return_100": 164.29046630859375,
  "timestamp": "2025-10-31T21:53:26.558804"
}