{
  "timesteps": 22800000,
  "total_episodes": 30628,
  "avg_return_100": 144.7608642578125,
  "timestamp": "2025-10-31T11:21:10.735890"
}