{
  "timesteps": 74625000,
  "total_episodes": 34865,
  "avg_return_100": 238.3902587890625,
  "timestamp": "2025-11-01T01:16:32.105499"
}