{
  "timesteps": 109425000,
  "total_episodes": 13502,
  "avg_return_100": 66.071044921875,
  "timestamp": "2025-11-24T23:08:46.779096"
}