{
  "timesteps": 112575000,
  "total_episodes": 23995,
  "avg_return_100": 64.4482421875,
  "timestamp": "2025-11-24T23:58:40.686015"
}