{
  "timesteps": 42825000,
  "total_episodes": 24735,
  "avg_return_100": 137.6566619873047,
  "timestamp": "2025-10-31T21:20:51.791708"
}