{
  "timesteps": 131475000,
  "total_episodes": 28557,
  "avg_return_100": 57.663902282714844,
  "timestamp": "2025-11-28T23:31:51.388124"
}