{
  "timesteps": 22275000,
  "total_episodes": 30220,
  "avg_return_100": 136.98788452148438,
  "timestamp": "2025-10-31T11:17:38.201373"
}