{
  "timesteps": 20700000,
  "total_episodes": 29003,
  "avg_return_100": 104.85209655761719,
  "timestamp": "2025-10-31T11:07:00.996900"
}