{
  "timesteps": 136725000,
  "total_episodes": 95061,
  "avg_return_100": 8.539728164672852,
  "timestamp": "2025-11-29T00:55:30.200407"
}