{
  "timesteps": 20175000,
  "total_episodes": 28620,
  "avg_return_100": 97.59451293945312,
  "timestamp": "2025-10-31T11:03:28.332518"
}