{
  "timesteps": 73575000,
  "total_episodes": 34103,
  "avg_return_100": 225.5133056640625,
  "timestamp": "2025-11-01T01:09:31.654663"
}