{
  "timesteps": 85650000,
  "total_episodes": 44417,
  "avg_return_100": 236.36312866210938,
  "timestamp": "2025-11-01T02:29:45.969457"
}