{
  "timesteps": 116775000,
  "total_episodes": 46791,
  "avg_return_100": 57.31446838378906,
  "timestamp": "2025-11-25T01:04:55.894134"
}