{
  "timesteps": 24375000,
  "total_episodes": 31832,
  "avg_return_100": 167.5362548828125,
  "timestamp": "2025-10-31T11:31:47.898803"
}