{
  "timesteps": 83025000,
  "total_episodes": 40843,
  "avg_return_100": 259.3421936035156,
  "timestamp": "2025-11-01T02:12:23.163167"
}