{
  "timesteps": 35475000,
  "total_episodes": 9410,
  "avg_return_100": 170.9945831298828,
  "timestamp": "2025-10-31T20:30:30.736566"
}