{
  "timesteps": 18600000,
  "total_episodes": 27500,
  "avg_return_100": 79.87590026855469,
  "timestamp": "2025-10-31T10:52:48.628822"
}