{
  "timesteps": 80925000,
  "total_episodes": 39329,
  "avg_return_100": 256.7034912109375,
  "timestamp": "2025-11-01T01:58:28.622615"
}