{
  "timesteps": 99975000,
  "total_episodes": 83370,
  "avg_return_100": 151.59457397460938,
  "timestamp": "2025-11-01T04:04:45.682018"
}