{
  "timesteps": 71475000,
  "total_episodes": 32584,
  "avg_return_100": 212.14332580566406,
  "timestamp": "2025-11-01T00:55:36.654761"
}