{
  "timesteps": 24900000,
  "total_episodes": 32231,
  "avg_return_100": 174.1798858642578,
  "timestamp": "2025-10-31T11:35:20.431549"
}