{
  "timesteps": 74100000,
  "total_episodes": 34484,
  "avg_return_100": 233.05963134765625,
  "timestamp": "2025-11-01T01:13:02.007199"
}