{
  "timesteps": 139875000,
  "total_episodes": 160427,
  "avg_return_100": -34.579139709472656,
  "timestamp": "2025-11-29T01:46:08.349108"
}