{
  "timesteps": 14925000,
  "total_episodes": 18570,
  "avg_return_100": 88.8039321899414,
  "timestamp": "2025-10-31T10:27:57.738025"
}