{
  "timesteps": 16500000,
  "total_episodes": 24412,
  "avg_return_100": 76.81005096435547,
  "timestamp": "2025-10-31T10:38:37.995360"
}