{
  "timesteps": 34425000,
  "total_episodes": 8543,
  "avg_return_100": 181.1166229248047,
  "timestamp": "2025-10-31T20:23:30.604103"
}