{
  "timesteps": 43875000,
  "total_episodes": 25577,
  "avg_return_100": 140.46543884277344,
  "timestamp": "2025-10-31T21:28:05.389317"
}