{
  "timesteps": 91425000,
  "total_episodes": 48853,
  "avg_return_100": 228.0853729248047,
  "timestamp": "2025-11-01T03:07:59.201029"
}