{
  "timesteps": 115725000,
  "total_episodes": 41254,
  "avg_return_100": 56.782005310058594,
  "timestamp": "2025-11-25T00:48:21.640450"
}