{
  "timesteps": 37050000,
  "total_episodes": 10887,
  "avg_return_100": 154.18951416015625,
  "timestamp": "2025-10-31T20:41:08.453942"
}