{
  "timesteps": 68325000,
  "total_episodes": 30266,
  "avg_return_100": 218.62815856933594,
  "timestamp": "2025-11-01T00:34:45.647067"
}