{
  "timesteps": 47025000,
  "total_episodes": 28746,
  "avg_return_100": 160.07130432128906,
  "timestamp": "2025-10-31T21:49:47.309194"
}