{
  "timesteps": 80400000,
  "total_episodes": 38953,
  "avg_return_100": 255.82061767578125,
  "timestamp": "2025-11-01T01:55:00.286505"
}