{
  "timesteps": 48075000,
  "total_episodes": 30379,
  "avg_return_100": 171.01016235351562,
  "timestamp": "2025-10-31T21:57:03.064922"
}