{
  "timesteps": 34950000,
  "total_episodes": 9044,
  "avg_return_100": 175.25697326660156,
  "timestamp": "2025-10-31T20:27:00.569933"
}