{
  "timesteps": 70425000,
  "total_episodes": 31827,
  "avg_return_100": 215.7659149169922,
  "timestamp": "2025-11-01T00:48:39.660096"
}