{
  "timesteps": 95625000,
  "total_episodes": 52691,
  "avg_return_100": 217.3317413330078,
  "timestamp": "2025-11-01T03:35:48.544811"
}