{
  "timesteps": 17025000,
  "total_episodes": 25806,
  "avg_return_100": 72.15731048583984,
  "timestamp": "2025-10-31T10:42:10.511435"
}