{
  "timesteps": 32850000,
  "total_episodes": 6921,
  "avg_return_100": 188.71160888671875,
  "timestamp": "2025-10-31T20:12:53.648310"
}