{
  "timesteps": 62025000,
  "total_episodes": 24997,
  "avg_return_100": 175.1029815673828,
  "timestamp": "2025-10-31T23:53:03.393085"
}