{
  "timesteps": 99300000,
  "total_episodes": 81014,
  "avg_return_100": 158.48941040039062,
  "timestamp": "2025-11-01T04:00:16.887919"
}