{
  "timesteps": 13350000,
  "total_episodes": 10613,
  "avg_return_100": 101.32424926757812,
  "timestamp": "2025-10-31T10:17:06.881993"
}