{
  "timesteps": 61500000,
  "total_episodes": 24607,
  "avg_return_100": 172.18429565429688,
  "timestamp": "2025-10-31T23:49:34.790954"
}