{
  "timesteps": 17550000,
  "total_episodes": 26645,
  "avg_return_100": 71.18147277832031,
  "timestamp": "2025-10-31T10:45:43.033564"
}