{
  "timesteps": 129375000,
  "total_episodes": 18367,
  "avg_return_100": 66.4925308227539,
  "timestamp": "2025-11-28T22:58:37.636624"
}