{
  "timesteps": 75675000,
  "total_episodes": 35626,
  "avg_return_100": 241.42340087890625,
  "timestamp": "2025-11-01T01:23:31.494158"
}