{
  "timesteps": 39675000,
  "total_episodes": 18568,
  "avg_return_100": 143.26870727539062,
  "timestamp": "2025-10-31T20:59:10.066087"
}