{
  "timesteps": 91950000,
  "total_episodes": 49236,
  "avg_return_100": 232.7863311767578,
  "timestamp": "2025-11-01T03:11:27.890544"
}