{
  "timesteps": 85125000,
  "total_episodes": 43166,
  "avg_return_100": 243.78671264648438,
  "timestamp": "2025-11-01T02:26:17.095848"
}