{
  "timesteps": 138825000,
  "total_episodes": 137609,
  "avg_return_100": -22.00457000732422,
  "timestamp": "2025-11-29T01:29:17.423591"
}