{
  "timesteps": 40200000,
  "total_episodes": 20180,
  "avg_return_100": 139.64561462402344,
  "timestamp": "2025-10-31T21:02:46.568969"
}