{
  "timesteps": 79875000,
  "total_episodes": 38587,
  "avg_return_100": 254.82269287109375,
  "timestamp": "2025-11-01T01:51:30.329316"
}