{
  "timesteps": 132525000,
  "total_episodes": 37230,
  "avg_return_100": 54.22502899169922,
  "timestamp": "2025-11-28T23:48:31.758017"
}