{
  "timesteps": 48600000,
  "total_episodes": 30789,
  "avg_return_100": 179.1603546142578,
  "timestamp": "2025-10-31T22:00:38.224223"
}