{
  "timesteps": 23325000,
  "total_episodes": 31017,
  "avg_return_100": 152.49932861328125,
  "timestamp": "2025-10-31T11:24:43.042792"
}