{
  "timesteps": 19650000,
  "total_episodes": 28254,
  "avg_return_100": 90.7137222290039,
  "timestamp": "2025-10-31T10:59:55.478442"
}