{
  "timesteps": 63600000,
  "total_episodes": 26123,
  "avg_return_100": 215.00001525878906,
  "timestamp": "2025-11-01T00:03:28.667719"
}