{
  "timesteps": 46500000,
  "total_episodes": 28006,
  "avg_return_100": 158.79144287109375,
  "timestamp": "2025-10-31T21:46:07.968414"
}