{
  "timesteps": 69375000,
  "total_episodes": 31041,
  "avg_return_100": 218.40611267089844,
  "timestamp": "2025-11-01T00:41:42.845649"
}