{
  "timesteps": 97725000,
  "total_episodes": 54264,
  "avg_return_100": 203.8930206298828,
  "timestamp": "2025-11-01T03:49:43.263549"
}