{
  "timesteps": 93525000,
  "total_episodes": 50491,
  "avg_return_100": 246.28118896484375,
  "timestamp": "2025-11-01T03:21:53.680594"
}