{
  "timesteps": 63075000,
  "total_episodes": 25752,
  "avg_return_100": 197.6512451171875,
  "timestamp": "2025-11-01T00:00:00.139498"
}