{
  "timesteps": 86700000,
  "total_episodes": 45475,
  "avg_return_100": 231.1129150390625,
  "timestamp": "2025-11-01T02:36:43.110714"
}