{
  "timesteps": 134625000,
  "total_episodes": 63558,
  "avg_return_100": 33.672760009765625,
  "timestamp": "2025-11-29T00:21:59.733574"
}