{
  "timesteps": 90375000,
  "total_episodes": 48091,
  "avg_return_100": 227.34356689453125,
  "timestamp": "2025-11-01T03:01:02.428242"
}